model_name,mean_score,std_score,train_time,metric_name,is_best,rank,highlight
LinearRegression,7.889187982710342,1.3932283536658236,0.019291916000838683,RMSE,True,1,Best Model
KNNRegressor,10.78889000231495,3.045628427426514,0.016440375000456697,RMSE,False,2,Other Models
LightGBMRegressor,10.826934655910637,2.7552764755358448,0.0648021669994705,RMSE,False,3,Other Models
RandomForestRegressor,11.24581353522105,3.449704759981508,0.6842241250005827,RMSE,False,4,Other Models
SVR,11.45437595295421,3.7207236024407253,0.016473208000206796,RMSE,False,5,Other Models
XGBoostRegressor,14.033046340942382,2.2038792348534564,1.111648250000144,RMSE,False,6,Other Models
